id,title,old_url,cloudinary_url,public_id,status,error
92,"Amazing Dubai","public/uploads/1753849721_dubai-thumb-museum3.jpg","https://res.cloudinary.com/dokgl6bfp/image/upload/v1768305144/travel-packages/package-92.jpg","travel-packages/package-92",success,""
94,"Sweet Pattaya, Thailand","public/uploads/1753854474_thumb13 (1).jpg","https://res.cloudinary.com/dokgl6bfp/image/upload/v1768305148/travel-packages/package-94.jpg","travel-packages/package-94",success,""
99,"Goa","public/uploads/1753854170_goa-thumb-21.jpg","https://res.cloudinary.com/dokgl6bfp/image/upload/v1768305151/travel-packages/package-99.jpg","travel-packages/package-99",success,""
100,"Magical Malaysia","public/uploads/1753856025_malaysia-thumb-2.jpg","https://res.cloudinary.com/dokgl6bfp/image/upload/v1768305154/travel-packages/package-100.jpg","travel-packages/package-100",success,""
101,"Discover The Beauty Of Japan","public/uploads/1753856254_Japan-Thumbnail.jpg","https://res.cloudinary.com/dokgl6bfp/image/upload/v1768305158/travel-packages/package-101.jpg","travel-packages/package-101",success,""
102,"Hong Kong + Disneyland","public/uploads/1753856594_thumb_(2)1.jpg","https://res.cloudinary.com/dokgl6bfp/image/upload/v1768305162/travel-packages/package-102.jpg","travel-packages/package-102",success,""
103,"Philippines Discovery Trail","public/uploads/1753856981_Philippines-Discovery-Trail-thumbnail.jpg","https://res.cloudinary.com/dokgl6bfp/image/upload/v1768305166/travel-packages/package-103.jpg","travel-packages/package-103",success,""
104,"Paradise Kashmir","public/uploads/1753857333_kashmir-sightseeing.jpg","https://res.cloudinary.com/dokgl6bfp/image/upload/v1768305169/travel-packages/package-104.jpg","travel-packages/package-104",success,""
105,"Leh Ladakh","public/uploads/1753857452_leh-thumb-12.jpg","https://res.cloudinary.com/dokgl6bfp/image/upload/v1768305172/travel-packages/package-105.jpg","travel-packages/package-105",success,""
106,"Panoramic Switzerland","public/uploads/1753857957_Panoramic_Switzerland_-Thumbnail.jpg","https://res.cloudinary.com/dokgl6bfp/image/upload/v1768305176/travel-packages/package-106.jpg","travel-packages/package-106",success,""
108,"Bali & Gili Gateway","public/uploads/1755857607_WhatsApp Image 2025-08-22 at 3.23.33 PM.jpeg","https://res.cloudinary.com/dokgl6bfp/image/upload/v1768305181/travel-packages/package-108.jpg","travel-packages/package-108",success,""
109,"Discover Saigon Vietnam","public/uploads/1755860202_WhatsApp Image 2025-08-22 at 4.06.14 PM.jpeg","https://res.cloudinary.com/dokgl6bfp/image/upload/v1768305186/travel-packages/package-109.jpg","travel-packages/package-109",success,""
111,"Discover wonders of Turkey","public/uploads/1755861240_WhatsApp Image 2025-08-22 at 4.38.36 PM.jpeg","https://res.cloudinary.com/dokgl6bfp/image/upload/v1768305190/travel-packages/package-111.jpg","travel-packages/package-111",success,""
112,"Cameron Highlands + Kuala Lumpur","public/uploads/1755929645_WhatsApp Image 2025-08-23 at 11.43.39 AM.jpeg","https://res.cloudinary.com/dokgl6bfp/image/upload/v1768305195/travel-packages/package-112.jpg","travel-packages/package-112",success,""
113,"Dreamland Singapore","public/uploads/1755930785_WhatsApp Image 2025-08-23 at 12.01.55 PM.jpeg","https://res.cloudinary.com/dokgl6bfp/image/upload/v1768305199/travel-packages/package-113.jpg","travel-packages/package-113",success,""
114," Bali & Nusa Lembongan","public/uploads/1755933632_WhatsApp Image 2025-08-23 at 12.24.08 PM.jpeg","https://res.cloudinary.com/dokgl6bfp/image/upload/v1768305203/travel-packages/package-114.jpg","travel-packages/package-114",success,""
115,"Hong Kong","public/uploads/1755935088_WhatsApp Image 2025-08-23 at 1.07.51 PM.jpeg","https://res.cloudinary.com/dokgl6bfp/image/upload/v1768305210/travel-packages/package-115.jpg","travel-packages/package-115",success,""
116,"Kuala Lumpur+Langkawi Escape","public/uploads/1755935886_WhatsApp Image 2025-08-23 at 1.27.41 PM.jpeg","https://res.cloudinary.com/dokgl6bfp/image/upload/v1768305213/travel-packages/package-116.jpg","travel-packages/package-116",success,""
117,"Istanbul to Kusadasi","public/uploads/1755937118_WhatsApp Image 2025-08-23 at 1.47.53 PM.jpeg","https://res.cloudinary.com/dokgl6bfp/image/upload/v1768305218/travel-packages/package-117.jpg","travel-packages/package-117",success,""
118,"SOUTH AFRICA","public/uploads/1756120800_WhatsApp Image 2025-08-25 at 4.40.26 PM.jpeg","https://res.cloudinary.com/dokgl6bfp/image/upload/v1768305221/travel-packages/package-118.jpg","travel-packages/package-118",success,""
119,"Malaysia + Singapore Delight","public/uploads/1756121343_innerbannner_(2)2.jpg","https://res.cloudinary.com/dokgl6bfp/image/upload/v1768305225/travel-packages/package-119.jpg","travel-packages/package-119",success,""
120,"Singapore-Genting Dream","public/uploads/1756122036_SingaporeCruise.jpg","https://res.cloudinary.com/dokgl6bfp/image/upload/v1768305228/travel-packages/package-120.jpg","travel-packages/package-120",success,""
121,"Swiss And Paris","public/uploads/1756122968_innerbanner4.jpg","https://res.cloudinary.com/dokgl6bfp/image/upload/v1768305232/travel-packages/package-121.jpg","travel-packages/package-121",success,""
122,"Vibrant Vietnam","public/uploads/1756123675_vietnam-banner-long.jpg","https://res.cloudinary.com/dokgl6bfp/image/upload/v1768305235/travel-packages/package-122.jpg","travel-packages/package-122",success,""
123,"Unforgettable Zurich","public/uploads/1756124256_zurich-banner1.jpg","https://res.cloudinary.com/dokgl6bfp/image/upload/v1768305239/travel-packages/package-123.jpg","travel-packages/package-123",success,""
124,"Best of Bali & Malaysia","public/uploads/1756189086_innerbannner_(1)3.jpg","https://res.cloudinary.com/dokgl6bfp/image/upload/v1768305244/travel-packages/package-124.jpg","travel-packages/package-124",success,""
125,"Discover Bali ","public/uploads/1756190439_Rctrips-inner-banner.webp","https://res.cloudinary.com/dokgl6bfp/image/upload/v1768305247/travel-packages/package-125.webp","travel-packages/package-125",success,""
126,"Kerala","public/uploads/1756193989_kerala-thumb.jpg","https://res.cloudinary.com/dokgl6bfp/image/upload/v1768305250/travel-packages/package-126.jpg","travel-packages/package-126",success,""
127,"Amazing Singapore","public/uploads/1756455788_Rctript-old-PKG-Thumbnail_(1).jpg","https://res.cloudinary.com/dokgl6bfp/image/upload/v1768305254/travel-packages/package-127.jpg","travel-packages/package-127",success,""
128,"Japan ","public/uploads/1756467549_innerbanner8.jpg","https://res.cloudinary.com/dokgl6bfp/image/upload/v1768305259/travel-packages/package-128.jpg","travel-packages/package-128",success,""
129,"EGYPT","public/uploads/1756468555_egyptinnerbanner.jpg","https://res.cloudinary.com/dokgl6bfp/image/upload/v1768305263/travel-packages/package-129.jpg","travel-packages/package-129",success,""
130,"Kashmir And Vaishno Devi","public/uploads/1756469173_vaishno-devi-thumb-compress.png","https://res.cloudinary.com/dokgl6bfp/image/upload/v1768305267/travel-packages/package-130.png","travel-packages/package-130",success,""
131,"Kashmir","public/uploads/1756469752_kashmir-sightseeing.jpg","https://res.cloudinary.com/dokgl6bfp/image/upload/v1768305271/travel-packages/package-131.jpg","travel-packages/package-131",success,""
132,"Ayodhya Ram Mandir","public/uploads/1756470199_ayodhya-mandir-banner-1111.jpg","https://res.cloudinary.com/dokgl6bfp/image/upload/v1768305274/travel-packages/package-132.jpg","travel-packages/package-132",success,""
133,"Golden Temple","public/uploads/1756470627_golden-temple.jpg","https://res.cloudinary.com/dokgl6bfp/image/upload/v1768305278/travel-packages/package-133.jpg","travel-packages/package-133",success,""
134,"Gangtok Lachung Pelling Darjeeling","public/uploads/1756545131_638144908332559663.jpg","https://res.cloudinary.com/dokgl6bfp/image/upload/v1768305283/travel-packages/package-134.jpg","travel-packages/package-134",success,""
135,"Nainital Corbett Mussoorie Haridwar","public/uploads/1756546591_638147570161984293.jpg","https://res.cloudinary.com/dokgl6bfp/image/upload/v1768305288/travel-packages/package-135.jpg","travel-packages/package-135",success,""
136,"Shimla Manali Dalhousie","public/uploads/1756547106_638144895278445600.jpg","https://res.cloudinary.com/dokgl6bfp/image/upload/v1768305292/travel-packages/package-136.jpg","travel-packages/package-136",success,""
137,"Nepal ","public/uploads/1756548046_638152680725516245.jpg","https://res.cloudinary.com/dokgl6bfp/image/upload/v1768305297/travel-packages/package-137.jpg","travel-packages/package-137",success,""
139,"Singapore Genting Cruise","public/uploads/1756711415_Rctrips-inner-banner.jpg","https://res.cloudinary.com/dokgl6bfp/image/upload/v1768305300/travel-packages/package-139.jpg","travel-packages/package-139",success,""
140,"Grand Wonders Of Europe","public/uploads/1756712632_SightSeeing1BJYio.jpg","https://res.cloudinary.com/dokgl6bfp/image/upload/v1768305304/travel-packages/package-140.jpg","travel-packages/package-140",success,""
141,"Scenic Europe","public/uploads/1756713159_SightSeeing4i6OyC.jpg","https://res.cloudinary.com/dokgl6bfp/image/upload/v1768305307/travel-packages/package-141.jpg","travel-packages/package-141",success,""
142,"Grand Fascinating Europe","public/uploads/1756719078_SightSeeingAHlVHQ.jpg","https://res.cloudinary.com/dokgl6bfp/image/upload/v1768305312/travel-packages/package-142.jpg","travel-packages/package-142",success,""
143,"European Grand Adventure","public/uploads/1756720014_SightSeeing5qZcJf.jpg","https://res.cloudinary.com/dokgl6bfp/image/upload/v1768305315/travel-packages/package-143.jpg","travel-packages/package-143",success,""
145,"Canada Tour Package ","public/uploads/1757307792_li98rjzsliulbzpzb6h53jx6xuy8_1595835642_shutterstock_422601400.avif","https://res.cloudinary.com/dokgl6bfp/image/upload/v1768305319/travel-packages/package-145.avif","travel-packages/package-145",success,""
147,"Prague Vienna and Budapest Tour Package","public/uploads/1757308812_zl82i3pffpdgnywh5wzrqe7be186_Prague__Vienna_and_Budapest_Tour_13.avif","https://res.cloudinary.com/dokgl6bfp/image/upload/v1768305323/travel-packages/package-147.avif","travel-packages/package-147",success,""
148,"Spectacular Central Europe Tour","public/uploads/1757310262_rypis72dlllnger9vdgui6nglqc9_bfcccb3b-0736-40dc-82bb-adb09559d9be.avif","https://res.cloudinary.com/dokgl6bfp/image/upload/v1768305326/travel-packages/package-148.avif","travel-packages/package-148",success,""
149,"Pondicherry Kanchipuram Mahabalipuram","public/uploads/1757337067_Feature-Image-_-pondicherry.avif","https://res.cloudinary.com/dokgl6bfp/image/upload/v1768305329/travel-packages/package-149.avif","travel-packages/package-149",success,""
150,"Best of Maharashtra Package: Mumbai, Lonavala, Khandala & More","public/uploads/1757414992_Mumbai1[1].webp","https://res.cloudinary.com/dokgl6bfp/image/upload/v1768305333/travel-packages/package-150.webp","travel-packages/package-150",success,""
151,"Manali Tour ","public/uploads/1757415942_Screenshot 2025-09-09 163353.png","https://res.cloudinary.com/dokgl6bfp/image/upload/v1768305337/travel-packages/package-151.png","travel-packages/package-151",success,""